Datetime,Close,strategy_curve,buy_hold_curve,position,strategy_portfolio_cad,buy_hold_portfolio_cad
2025-03-14 13:30:00+00:00,0.3100000023841858,1.0,1.0,0.0,100000.0,100000.0
2025-03-14 17:30:00+00:00,0.30000001192092896,1.0,0.9677419664956526,0.0,100000.0,96774.19664956526
2025-03-17 13:30:00+00:00,0.3100000023841858,1.0,1.0,0.0,100000.0,100000.0
2025-03-17 17:30:00+00:00,0.3100000023841858,1.0,1.0,0.0,100000.0,100000.0
2025-03-18 13:30:00+00:00,0.3100000023841858,1.0,1.0,0.0,100000.0,100000.0
2025-03-18 17:30:00+00:00,0.3100000023841858,1.0,1.0,0.0,100000.0,100000.0
2025-03-19 13:30:00+00:00,0.29499998688697815,1.0,0.9516128536069558,0.0,100000.0,95161.28536069558
2025-03-19 17:30:00+00:00,0.30000001192092896,1.0,0.9677419664956526,0.0,100000.0,96774.19664956526
2025-03-20 13:30:00+00:00,0.29499998688697815,1.0,0.9516128536069558,0.0,100000.0,95161.28536069558
2025-03-20 17:30:00+00:00,0.28999999165534973,1.0,0.9354838368547821,0.0,100000.0,93548.38368547821
2025-03-21 13:30:00+00:00,0.28999999165534973,1.0,0.9354838368547821,0.0,100000.0,93548.38368547821
2025-03-21 17:30:00+00:00,0.30000001192092896,1.0,0.9677419664956527,0.0,100000.0,96774.19664956527
2025-03-24 13:30:00+00:00,0.28999999165534973,1.0,0.9354838368547822,0.0,100000.0,93548.38368547821
2025-03-24 17:30:00+00:00,0.28999999165534973,1.0,0.9354838368547822,0.0,100000.0,93548.38368547821
2025-03-25 13:30:00+00:00,0.2849999964237213,1.0,0.9193548201026085,0.0,100000.0,91935.48201026085
2025-03-25 17:30:00+00:00,0.2750000059604645,1.0,0.8870967865982611,0.0,100000.0,88709.67865982611
2025-03-26 13:30:00+00:00,0.28999999165534973,1.0,0.9354838368547822,0.0,100000.0,93548.38368547821
2025-03-26 17:30:00+00:00,0.28999999165534973,1.0,0.9354838368547822,0.0,100000.0,93548.38368547821
2025-03-27 13:30:00+00:00,0.30000001192092896,1.0,0.9677419664956528,0.0,100000.0,96774.19664956527
2025-03-27 17:30:00+00:00,0.30000001192092896,1.0,0.9677419664956528,0.0,100000.0,96774.19664956527
2025-03-28 13:30:00+00:00,0.29499998688697815,1.0,0.951612853606956,0.0,100000.0,95161.2853606956
2025-03-28 17:30:00+00:00,0.30000001192092896,1.0,0.9677419664956528,0.0,100000.0,96774.19664956527
2025-03-31 13:30:00+00:00,0.2750000059604645,1.0,0.8870967865982612,0.0,100000.0,88709.67865982612
2025-03-31 17:30:00+00:00,0.2800000011920929,1.0,0.9032258033504349,0.0,100000.0,90322.58033504349
2025-04-01 13:30:00+00:00,0.2849999964237213,1.0,0.9193548201026086,0.0,100000.0,91935.48201026086
2025-04-01 17:30:00+00:00,0.2750000059604645,1.0,0.8870967865982612,0.0,100000.0,88709.67865982612
2025-04-02 13:30:00+00:00,0.2750000059604645,1.0,0.8870967865982612,0.0,100000.0,88709.67865982612
2025-04-02 17:30:00+00:00,0.25999999046325684,1.0,0.838709640205217,0.0,100000.0,83870.9640205217
2025-04-03 13:30:00+00:00,0.24500000476837158,1.0,0.7903225899486959,0.0,100000.0,79032.25899486958
2025-04-03 17:30:00+00:00,0.23999999463558197,1.0,0.7741935251282606,0.0,100000.0,77419.35251282605
2025-04-04 13:30:00+00:00,0.2150000035762787,1.0,0.6935483932991305,0.0,100000.0,69354.83932991305
2025-04-04 17:30:00+00:00,0.25,1.0,0.8064516067008695,0.0,100000.0,80645.16067008695
2025-04-07 13:30:00+00:00,0.23499999940395355,1.0,0.7580645083760869,0.0,100000.0,75806.45083760869
2025-04-07 17:30:00+00:00,0.2199999988079071,1.0,0.7096774100513042,0.0,100000.0,70967.74100513042
2025-04-08 13:30:00+00:00,0.23999999463558197,1.0,0.7741935251282606,0.0,100000.0,77419.35251282605
2025-04-08 17:30:00+00:00,0.22499999403953552,1.0,0.725806426803478,0.0,100000.0,72580.6426803478
2025-04-09 13:30:00+00:00,0.23000000417232513,1.0,0.7419354916239131,0.0,100000.0,74193.54916239131
2025-04-09 17:30:00+00:00,0.23000000417232513,1.0,0.7419354916239131,0.0,100000.0,74193.54916239131
2025-04-10 13:30:00+00:00,0.23499999940395355,1.0,0.7580645083760869,0.0,100000.0,75806.45083760869
2025-04-10 17:30:00+00:00,0.23000000417232513,1.0,0.7419354916239131,0.0,100000.0,74193.54916239131
2025-04-11 13:30:00+00:00,0.2150000035762787,1.0,0.6935483932991305,0.0,100000.0,69354.83932991305
2025-04-11 17:30:00+00:00,0.20999999344348907,1.0,0.6774193284786952,0.0,100000.0,67741.93284786952
2025-04-14 13:30:00+00:00,0.23000000417232513,1.0,0.7419354916239131,0.0,100000.0,74193.54916239131
2025-04-14 17:30:00+00:00,0.2800000011920929,1.0,0.9032258033504347,0.0,100000.0,90322.58033504347
2025-04-15 13:30:00+00:00,0.26499998569488525,1.0,0.8548386569573906,0.0,100000.0,85483.86569573906
2025-04-15 17:30:00+00:00,0.25999999046325684,1.0,0.8387096402052169,0.0,100000.0,83870.96402052169
2025-04-16 13:30:00+00:00,0.24500000476837158,1.0,0.7903225899486958,0.0,100000.0,79032.25899486958
2025-04-16 17:30:00+00:00,0.25,1.0,0.8064516067008694,0.0,100000.0,80645.16067008693
2025-04-17 13:30:00+00:00,0.2750000059604645,1.0,0.8870967865982609,0.0,100000.0,88709.67865982608
2025-04-17 17:30:00+00:00,0.27000001072883606,1.0,0.8709677698460871,0.0,100000.0,87096.77698460872
2025-04-21 13:30:00+00:00,0.23999999463558197,1.0,0.7741935251282603,0.0,100000.0,77419.35251282604
2025-04-21 17:30:00+00:00,0.2549999952316284,1.0,0.822580623453043,0.0,100000.0,82258.0623453043
2025-04-22 13:30:00+00:00,0.2549999952316284,1.0,0.822580623453043,0.0,100000.0,82258.0623453043
2025-04-22 17:30:00+00:00,0.2549999952316284,1.0,0.822580623453043,0.0,100000.0,82258.0623453043
2025-04-23 13:30:00+00:00,0.25999999046325684,1.0,0.8387096402052167,0.0,100000.0,83870.96402052167
2025-04-23 17:30:00+00:00,0.25,1.0,0.8064516067008692,0.0,100000.0,80645.16067008693
2025-04-24 13:30:00+00:00,0.24500000476837158,1.0,0.7903225899486955,0.0,100000.0,79032.25899486955
2025-04-24 17:30:00+00:00,0.23999999463558197,1.0,0.7741935251282602,0.0,100000.0,77419.35251282602
2025-04-25 13:30:00+00:00,0.23499999940395355,1.0,0.7580645083760865,0.0,100000.0,75806.45083760865
2025-04-25 17:30:00+00:00,0.23499999940395355,1.0,0.7580645083760865,0.0,100000.0,75806.45083760865
2025-04-28 13:30:00+00:00,0.23499999940395355,1.0,0.7580645083760865,0.0,100000.0,75806.45083760865
2025-04-28 17:30:00+00:00,0.23999999463558197,1.0,0.7741935251282601,0.0,100000.0,77419.35251282601
2025-04-29 13:30:00+00:00,0.23499999940395355,1.0,0.7580645083760864,0.0,100000.0,75806.45083760865
2025-04-29 17:30:00+00:00,0.23999999463558197,1.0,0.77419352512826,0.0,100000.0,77419.352512826
2025-04-30 13:30:00+00:00,0.25999999046325684,1.0,0.8387096402052163,0.0,100000.0,83870.96402052163
2025-04-30 17:30:00+00:00,0.27000001072883606,1.0,0.8709677698460868,0.0,100000.0,87096.77698460869
2025-05-01 13:30:00+00:00,0.26499998569488525,1.0,0.85483865695739,0.0,100000.0,85483.865695739
2025-05-01 17:30:00+00:00,0.25999999046325684,1.0,0.8387096402052163,0.0,100000.0,83870.96402052163
2025-05-02 13:30:00+00:00,0.26499998569488525,1.0,0.8548386569573899,0.0,100000.0,85483.86569573899
2025-05-02 17:30:00+00:00,0.27000001072883606,1.0,0.8709677698460868,0.0,100000.0,87096.77698460869
2025-05-05 13:30:00+00:00,0.26499998569488525,1.0,0.85483865695739,0.0,100000.0,85483.865695739
2025-05-05 17:30:00+00:00,0.23999999463558197,1.0,0.7741935251282601,0.0,100000.0,77419.35251282601
2025-05-06 13:30:00+00:00,0.23499999940395355,1.0,0.7580645083760864,0.0,100000.0,75806.45083760865
2025-05-06 17:30:00+00:00,0.23999999463558197,1.0,0.77419352512826,0.0,100000.0,77419.352512826
2025-05-07 13:30:00+00:00,0.24500000476837158,1.0,0.7903225899486952,0.0,100000.0,79032.25899486952
2025-05-07 17:30:00+00:00,0.23499999940395355,1.0,0.7580645083760863,0.0,100000.0,75806.45083760863
2025-05-08 13:30:00+00:00,0.23999999463558197,1.0,0.7741935251282599,0.0,100000.0,77419.352512826
2025-05-08 17:30:00+00:00,0.23499999940395355,1.0,0.7580645083760862,0.0,100000.0,75806.45083760862
2025-05-09 13:30:00+00:00,0.24500000476837158,1.0,0.7903225899486951,0.0,100000.0,79032.25899486951
2025-05-09 17:30:00+00:00,0.23999999463558197,1.0,0.7741935251282598,0.0,100000.0,77419.35251282598
2025-05-12 13:30:00+00:00,0.24500000476837158,1.0,0.790322589948695,0.0,100000.0,79032.2589948695
2025-05-12 17:30:00+00:00,0.25,1.0,0.8064516067008686,0.0,100000.0,80645.16067008686
2025-05-13 13:30:00+00:00,0.25,1.0,0.8064516067008686,0.0,100000.0,80645.16067008686
2025-05-13 17:30:00+00:00,0.23999999463558197,1.0,0.7741935251282597,0.0,100000.0,77419.35251282596
2025-05-14 13:30:00+00:00,0.23999999463558197,1.0,0.7741935251282597,0.0,100000.0,77419.35251282596
2025-05-14 17:30:00+00:00,0.24500000476837158,1.0,0.7903225899486949,0.0,100000.0,79032.25899486948
2025-05-15 13:30:00+00:00,0.25,1.0,0.8064516067008685,0.0,100000.0,80645.16067008684
2025-05-15 17:30:00+00:00,0.25,1.0,0.8064516067008685,0.0,100000.0,80645.16067008684
2025-05-16 13:30:00+00:00,0.23999999463558197,1.0,0.7741935251282596,0.0,100000.0,77419.35251282595
2025-05-16 17:30:00+00:00,0.24500000476837158,1.0,0.7903225899486948,0.0,100000.0,79032.25899486948
2025-05-20 13:30:00+00:00,0.24500000476837158,1.0,0.7903225899486948,0.0,100000.0,79032.25899486948
2025-05-20 17:30:00+00:00,0.25,1.0,0.8064516067008684,0.0,100000.0,80645.16067008683
2025-05-21 13:30:00+00:00,0.24500000476837158,1.0,0.7903225899486946,0.0,100000.0,79032.25899486947
2025-05-21 17:30:00+00:00,0.24500000476837158,1.0,0.7903225899486946,0.0,100000.0,79032.25899486947
2025-05-22 13:30:00+00:00,0.25,1.0,0.8064516067008682,0.0,100000.0,80645.16067008683
2025-05-22 17:30:00+00:00,0.25,1.0,0.8064516067008682,0.0,100000.0,80645.16067008683
2025-05-23 13:30:00+00:00,0.23999999463558197,1.0,0.7741935251282593,0.0,100000.0,77419.35251282594
2025-05-23 17:30:00+00:00,0.23999999463558197,1.0,0.7741935251282593,0.0,100000.0,77419.35251282594
2025-05-26 13:30:00+00:00,0.23499999940395355,1.0,0.7580645083760856,0.0,100000.0,75806.45083760856
2025-05-26 17:30:00+00:00,0.23000000417232513,1.0,0.741935491623912,0.0,100000.0,74193.54916239121
2025-05-27 13:30:00+00:00,0.23999999463558197,1.0,0.7741935251282593,0.0,100000.0,77419.35251282594
2025-05-27 17:30:00+00:00,0.24500000476837158,1.0,0.7903225899486945,0.0,100000.0,79032.25899486945
2025-05-28 13:30:00+00:00,0.24500000476837158,1.0,0.7903225899486945,0.0,100000.0,79032.25899486945
2025-05-28 17:30:00+00:00,0.23999999463558197,1.0,0.7741935251282592,0.0,100000.0,77419.35251282592
2025-05-29 13:30:00+00:00,0.24500000476837158,1.0,0.7903225899486944,0.0,100000.0,79032.25899486944
2025-05-29 17:30:00+00:00,0.24500000476837158,1.0,0.7903225899486944,0.0,100000.0,79032.25899486944
2025-05-30 13:30:00+00:00,0.24500000476837158,1.0,0.7903225899486944,0.0,100000.0,79032.25899486944
2025-05-30 17:30:00+00:00,0.23499999940395355,1.0,0.7580645083760856,0.0,100000.0,75806.45083760856
2025-06-02 13:30:00+00:00,0.25,1.0,0.8064516067008681,0.0,100000.0,80645.16067008681
2025-06-02 17:30:00+00:00,0.25,1.0,0.8064516067008681,0.0,100000.0,80645.16067008681
2025-06-03 13:30:00+00:00,0.2549999952316284,1.0,0.8225806234530418,0.0,100000.0,82258.06234530418
2025-06-03 17:30:00+00:00,0.25999999046325684,1.0,0.8387096402052154,0.0,100000.0,83870.96402052154
2025-06-04 13:30:00+00:00,0.24500000476837158,0.9423077452112251,0.7903225899486944,1.0,94230.77452112251,79032.25899486944
2025-06-04 17:30:00+00:00,0.24500000476837158,0.9423077452112251,0.7903225899486944,1.0,94230.77452112251,79032.25899486944
2025-06-05 13:30:00+00:00,0.22499999403953552,0.8653846242018708,0.7258064268034766,1.0,86538.46242018708,72580.64268034766
2025-06-05 17:30:00+00:00,0.23000000417232513,0.8653846242018708,0.7419354916239118,0.0,86538.46242018708,74193.54916239118
2025-06-06 13:30:00+00:00,0.22499999403953552,0.8653846242018708,0.7258064268034766,0.0,86538.46242018708,72580.64268034766
2025-06-06 17:30:00+00:00,0.22499999403953552,0.8653846242018708,0.7258064268034766,-1.0,86538.46242018708,72580.64268034766
2025-06-09 13:30:00+00:00,0.22499999403953552,0.8653846242018708,0.7258064268034766,-1.0,86538.46242018708,72580.64268034766
2025-06-09 17:30:00+00:00,0.22499999403953552,0.8653846242018708,0.7258064268034766,-1.0,86538.46242018708,72580.64268034766
2025-06-10 13:30:00+00:00,0.2199999988079071,0.884615375798129,0.709677410051303,-1.0,88461.5375798129,70967.7410051303
2025-06-10 17:30:00+00:00,0.2199999988079071,0.884615375798129,0.709677410051303,-1.0,88461.5375798129,70967.7410051303
2025-06-11 13:30:00+00:00,0.20999999344348907,0.924825187395228,0.6774193284786941,-1.0,92482.5187395228,67741.93284786941
2025-06-11 17:30:00+00:00,0.2199999988079071,0.8807858677578687,0.7096774100513029,-1.0,88078.58677578687,70967.74100513029
2025-06-12 13:30:00+00:00,0.22499999403953552,0.8607680261090589,0.7258064268034765,-1.0,86076.80261090588,72580.64268034765
2025-06-12 17:30:00+00:00,0.23000000417232513,0.8416398084799938,0.7419354916239117,-1.0,84163.98084799938,74193.54916239117
2025-06-13 13:30:00+00:00,0.23000000417232513,0.8416398084799938,0.7419354916239117,-1.0,84163.98084799938,74193.54916239117
2025-06-13 17:30:00+00:00,0.22499999403953552,0.8599363628026891,0.7258064268034765,-1.0,85993.63628026891,72580.64268034765
2025-06-16 13:30:00+00:00,0.2199999988079071,0.8790460420356664,0.7096774100513029,-1.0,87904.60420356663,70967.74100513029
2025-06-16 17:30:00+00:00,0.22499999403953552,0.8590677418430476,0.7258064268034765,-1.0,85906.77418430476,72580.64268034765
2025-06-17 13:30:00+00:00,0.22499999403953552,0.8590677418430476,0.7258064268034765,-1.0,85906.77418430476,72580.64268034765
2025-06-17 17:30:00+00:00,0.2199999988079071,0.8781581184059298,0.7096774100513029,-1.0,87815.81184059299,70967.74100513029
2025-06-18 13:30:00+00:00,0.2199999988079071,0.8781581184059298,0.7096774100513029,-1.0,87815.81184059299,70967.74100513029
2025-06-18 17:30:00+00:00,0.2150000035762787,0.8981162385351905,0.6935483932991293,-1.0,89811.62385351905,69354.83932991294
2025-06-19 13:30:00+00:00,0.20499999821186066,0.9398891085530111,0.6612903117265204,-1.0,93988.91085530112,66129.03117265204
2025-06-19 17:30:00+00:00,0.20499999821186066,0.9398891085530111,0.6612903117265204,-1.0,93988.91085530112,66129.03117265204
2025-06-20 13:30:00+00:00,0.20999999344348907,0.9169650056163475,0.6774193284786941,-1.0,91696.50056163475,67741.93284786941
2025-06-20 17:30:00+00:00,0.20999999344348907,0.9169650056163475,0.6774193284786941,-1.0,91696.50056163475,67741.93284786941
2025-06-23 13:30:00+00:00,0.2150000035762787,0.8951324605561544,0.6935483932991294,-1.0,89513.24605561544,69354.83932991294
2025-06-23 17:30:00+00:00,0.2199999988079071,0.8743154467886701,0.709677410051303,-1.0,87431.54467886701,70967.7410051303
2025-06-24 13:30:00+00:00,0.2150000035762787,0.8941862335548985,0.6935483932991294,-1.0,89418.62335548985,69354.83932991294
2025-06-24 17:30:00+00:00,0.2150000035762787,0.8941862335548985,0.6935483932991294,-1.0,89418.62335548985,69354.83932991294
2025-06-25 13:30:00+00:00,0.20999999344348907,0.9149813040386495,0.6774193284786942,-1.0,91498.13040386495,67741.93284786942
2025-06-25 17:30:00+00:00,0.20999999344348907,0.9149813040386495,0.6774193284786942,-1.0,91498.13040386495,67741.93284786942
2025-06-26 13:30:00+00:00,0.2150000035762787,0.8931959900655926,0.6935483932991295,-1.0,89319.59900655926,69354.83932991295
2025-06-26 17:30:00+00:00,0.2199999988079071,0.8724240104518661,0.7096774100513031,-1.0,87242.40104518662,70967.74100513032
2025-06-27 13:30:00+00:00,0.2150000035762787,0.8922518100693845,0.6935483932991295,-1.0,89225.18100693845,69354.83932991295
2025-06-27 17:30:00+00:00,0.2150000035762787,0.8922518100693845,0.6935483932991295,-1.0,89225.18100693845,69354.83932991295
2025-06-30 13:30:00+00:00,0.2199999988079071,0.8715017881086827,0.7096774100513031,-1.0,87150.17881086827,70967.74100513032
2025-06-30 17:30:00+00:00,0.2199999988079071,0.8715017881086827,0.7096774100513031,0.0,87150.17881086827,70967.74100513032
2025-07-02 13:30:00+00:00,0.2199999988079071,0.8715017881086827,0.7096774100513031,0.0,87150.17881086827,70967.74100513032
2025-07-02 17:30:00+00:00,0.2199999988079071,0.8715017881086827,0.7096774100513031,0.0,87150.17881086827,70967.74100513032
2025-07-03 13:30:00+00:00,0.2199999988079071,0.8715017881086827,0.7096774100513031,0.0,87150.17881086827,70967.74100513032
2025-07-03 17:30:00+00:00,0.22499999403953552,0.8715017881086827,0.7258064268034767,0.0,87150.17881086827,72580.64268034768
2025-07-04 13:30:00+00:00,0.2199999988079071,0.8715017881086827,0.709677410051303,0.0,87150.17881086827,70967.7410051303
2025-07-04 17:30:00+00:00,0.22499999403953552,0.8715017881086827,0.7258064268034766,0.0,87150.17881086827,72580.64268034766
2025-07-07 13:30:00+00:00,0.23000000417232513,0.8715017881086827,0.7419354916239118,0.0,87150.17881086827,74193.54916239118
2025-07-07 17:30:00+00:00,0.23999999463558197,0.8715017881086827,0.7741935251282591,0.0,87150.17881086827,77419.3525128259
2025-07-08 13:30:00+00:00,0.25,0.9078143829044438,0.806451606700868,1.0,90781.43829044438,80645.1606700868
2025-07-08 17:30:00+00:00,0.25,0.9078143829044438,0.806451606700868,1.0,90781.43829044438,80645.1606700868
2025-07-09 13:30:00+00:00,0.23000000417232513,0.8351892474228754,0.7419354916239118,1.0,83518.92474228753,74193.54916239118
2025-07-09 17:30:00+00:00,0.23499999940395355,0.853345517765779,0.7580645083760855,1.0,85334.55177657791,75806.45083760856
2025-07-10 13:30:00+00:00,0.23749999701976776,0.8624236529372309,0.7661290167521724,1.0,86242.3652937231,76612.90167521723
2025-07-10 17:30:00+00:00,0.22499999403953552,0.817032922970018,0.7258064268034767,1.0,81703.2922970018,72580.64268034768
2025-07-11 13:30:00+00:00,0.23999999463558197,0.8715017881086826,0.7741935251282592,1.0,87150.17881086827,77419.35251282592
2025-07-11 17:30:00+00:00,0.23999999463558197,0.8715017881086826,0.7741935251282592,1.0,87150.17881086827,77419.35251282592
2025-07-14 13:30:00+00:00,0.23499999940395355,0.8533455177657789,0.7580645083760855,1.0,85334.5517765779,75806.45083760856
2025-07-14 17:30:00+00:00,0.23499999940395355,0.8533455177657789,0.7580645083760855,1.0,85334.5517765779,75806.45083760856
2025-07-15 13:30:00+00:00,0.24500000476837158,0.88965811256154,0.7903225899486944,1.0,88965.811256154,79032.25899486944
2025-07-15 17:30:00+00:00,0.25,0.9078143829044436,0.806451606700868,1.0,90781.43829044436,80645.1606700868
2025-07-16 13:30:00+00:00,0.23999999463558197,0.8715017881086825,0.7741935251282591,1.0,87150.17881086825,77419.3525128259
2025-07-16 17:30:00+00:00,0.2750000059604645,0.9985958428388695,0.8870967865982594,1.0,99859.58428388694,88709.67865982594
2025-07-17 13:30:00+00:00,0.30000001192092896,1.0893773027732954,0.9677419664956508,1.0,108937.73027732954,96774.19664956508
2025-07-17 17:30:00+00:00,0.29499998688697815,1.0712209242104842,0.9516128536069541,1.0,107122.09242104842,95161.28536069542
2025-07-18 13:30:00+00:00,0.3499999940395355,1.2709401144222396,1.1290322301539106,1.0,127094.01144222397,112903.22301539106
2025-07-18 17:30:00+00:00,0.3499999940395355,1.2709401144222396,1.1290322301539106,1.0,127094.01144222397,112903.22301539106
2025-07-21 13:30:00+00:00,0.47999998927116394,1.7430035762173652,1.5483870502565185,1.0,174300.35762173653,154838.70502565184
2025-07-21 17:30:00+00:00,0.49000000953674316,1.7793162251230803,1.5806451798973888,1.0,177931.62251230804,158064.51798973887
2025-07-22 13:30:00+00:00,0.4950000047683716,1.7974724954659838,1.5967741966495623,1.0,179747.24954659838,159677.41966495622
2025-07-22 17:30:00+00:00,0.5899999737739563,2.1424418484209684,1.903225707213908,1.0,214244.18484209685,190322.5707213908
2025-07-23 13:30:00+00:00,0.5699999928474426,2.0698167670493537,1.8387096402052134,1.0,206981.67670493538,183870.96402052135
2025-07-23 17:30:00+00:00,0.5,1.8156287658088874,1.612903213401736,1.0,181562.87658088875,161290.3213401736
2025-07-24 13:30:00+00:00,0.5600000023841858,2.0335042263635463,1.8064516067008662,1.0,203350.42263635463,180645.16067008663
2025-07-24 17:30:00+00:00,0.6000000238418579,2.1787546055465907,1.9354839329913018,1.0,217875.46055465908,193548.39329913017
2025-07-25 13:30:00+00:00,0.5899999737739563,2.1424418484209684,1.9032257072139085,1.0,214244.18484209685,190322.57072139086
2025-07-25 17:30:00+00:00,0.5799999833106995,2.106129307735161,1.870967673709561,1.0,210612.9307735161,187096.7673709561
2025-07-28 13:30:00+00:00,0.7400000095367432,2.6871306080275237,2.387096786598257,1.0,268713.0608027524,238709.67865982567
2025-07-28 17:30:00+00:00,0.8500000238418579,3.086568988451034,2.7419355396921694,1.0,308656.8988451034,274193.55396921694
2025-07-29 13:30:00+00:00,0.9300000071525574,3.3770695303773075,2.9999999999999942,1.0,337706.95303773077,299999.9999999994
2025-07-29 17:30:00+00:00,0.9900000095367432,3.5949449909319666,3.1935483932991247,1.0,359494.49909319665,319354.83932991244
2025-07-30 13:30:00+00:00,1.399999976158142,5.083760457688958,4.5161289206156425,1.0,508376.04576889577,451612.89206156426
2025-07-30 17:30:00+00:00,1.3799999952316284,5.011135376317343,4.451612853606948,1.0,501113.5376317343,445161.28536069475
2025-07-31 13:30:00+00:00,1.25,4.539071914522218,4.03225803350434,1.0,453907.19145222177,403225.80335043406
2025-07-31 17:30:00+00:00,1.1200000047683716,4.067008452727093,3.6129032134017325,1.0,406700.84527270927,361290.32134017325
2025-08-01 13:30:00+00:00,1.2100000381469727,4.393821751778989,3.9032258994869506,1.0,439382.1751778989,390322.58994869504
2025-08-01 17:30:00+00:00,1.25,4.539071914522218,4.032258033504339,1.0,453907.19145222177,403225.80335043394
2025-08-05 13:30:00+00:00,1.4600000381469727,5.301636134683433,4.709677506187818,1.0,530163.6134683433,470967.7506187818
2025-08-05 17:30:00+00:00,1.4900000095367432,5.410573756740855,4.80645160670086,1.0,541057.3756740855,480645.16067008604
2025-08-06 13:30:00+00:00,1.399999976158142,5.083760457688959,4.516128920615642,1.0,508376.0457688959,451612.89206156414
2025-08-06 17:30:00+00:00,1.3899999856948853,5.047447917003152,4.483870887111294,1.0,504744.79170031514,448387.08871112944
2025-08-07 13:30:00+00:00,1.2599999904632568,4.5753844552080265,4.064516067008687,1.0,457538.44552080263,406451.6067008687
2025-08-07 17:30:00+00:00,1.25,4.539071914522219,4.032258033504339,1.0,453907.1914522219,403225.80335043394
2025-08-08 13:30:00+00:00,1.2899999618530273,4.684322077265447,4.161290167521728,1.0,468432.2077265447,416129.01675217284
2025-08-08 17:30:00+00:00,1.340000033378601,4.865885213574114,4.322580719589557,1.0,486588.52135741146,432258.0719589557
2025-08-11 13:30:00+00:00,1.5199999809265137,5.519511378798277,4.903225707213902,1.0,551951.1378798276,490322.57072139013
2025-08-11 17:30:00+00:00,1.7400000095367432,6.3183881396452986,5.612903213401728,1.0,631838.8139645299,561290.3213401728
2025-08-12 13:30:00+00:00,2.2899999618530273,8.315579608883223,7.3870965943252,1.0,831557.9608883222,738709.65943252
2025-08-12 17:30:00+00:00,2.1600000858306885,7.843516579967727,6.967742158768685,1.0,784351.6579967728,696774.2158768685
2025-08-13 13:30:00+00:00,1.940000057220459,7.044639819120706,6.258064652580859,1.0,704463.9819120705,625806.4652580859
2025-08-13 17:30:00+00:00,2.0899999141693115,7.5893279294078155,6.741935155146069,1.0,758932.7929407816,674193.515514607
2025-08-14 13:30:00+00:00,2.759999990463257,10.022270752634688,8.903225707213894,1.0,1002227.0752634688,890322.5707213894
2025-08-14 17:30:00+00:00,2.8399999141693115,10.312771078121147,9.161289975248673,1.0,1031277.1078121146,916128.9975248673
2025-08-15 13:30:00+00:00,2.9100000858306885,10.56695972868106,9.38709697887129,1.0,1056695.9728681059,938709.6978871289
2025-08-15 17:30:00+00:00,2.950000047683716,10.712209891424287,9.516129112888677,1.0,1071220.9891424286,951612.9112888677
2025-08-18 13:30:00+00:00,3.640000104904175,13.217777796022773,11.741935731965196,1.0,1321777.7796022773,1174193.5731965196
2025-08-18 17:30:00+00:00,2.430000066757202,8.823956044243785,7.838709832478246,1.0,882395.6044243785,783870.9832478246
2025-08-19 13:30:00+00:00,1.5499999523162842,5.6284490008556975,4.999999807726943,1.0,562844.9000855697,499999.9807726943
2025-08-19 17:30:00+00:00,1.850000023841858,5.6284490008556975,5.96774196649564,0.0,562844.9000855697,596774.196649564
2025-08-20 13:30:00+00:00,1.4900000095367432,5.6284490008556975,4.806451606700859,0.0,562844.9000855697,480645.1606700859
2025-08-20 17:30:00+00:00,1.75,5.6284490008556975,5.645161246906074,0.0,562844.9000855697,564516.1246906074
2025-08-21 13:30:00+00:00,1.9700000286102295,5.6284490008556975,6.3548387530939,0.0,562844.9000855697,635483.87530939
2025-08-21 17:30:00+00:00,1.9199999570846558,5.6284490008556975,6.193548201026071,0.0,562844.9000855697,619354.8201026071
2025-08-22 13:30:00+00:00,1.9800000190734863,5.6284490008556975,6.3870967865982475,0.0,562844.9000855697,638709.6786598248
2025-08-22 17:30:00+00:00,1.899999976158142,5.6284490008556975,6.129032134017376,0.0,562844.9000855697,612903.2134017376
2025-08-25 13:30:00+00:00,1.649999976158142,5.6284490008556975,5.322580527316509,0.0,562844.9000855697,532258.0527316509
2025-08-25 17:30:00+00:00,1.5700000524520874,5.6284490008556975,5.0645162592817305,0.0,562844.9000855697,506451.6259281731
2025-08-26 13:30:00+00:00,1.7999999523162842,5.6284490008556975,5.806451414427812,0.0,562844.9000855697,580645.1414427812
2025-08-26 17:30:00+00:00,1.7999999523162842,5.6284490008556975,5.806451414427812,0.0,562844.9000855697,580645.1414427812
2025-08-27 13:30:00+00:00,1.850000023841858,5.6284490008556975,5.967741966495641,0.0,562844.9000855697,596774.1966495641
2025-08-27 17:30:00+00:00,1.8799999952316284,5.6284490008556975,6.064516067008683,0.0,562844.9000855697,606451.6067008683
2025-08-28 13:30:00+00:00,2.069999933242798,5.6284490008556975,6.677419088137375,0.0,562844.9000855697,667741.9088137376
2025-08-28 17:30:00+00:00,2.109999895095825,5.6284490008556975,6.806451222154764,0.0,562844.9000855697,680645.1222154764
2025-08-29 13:30:00+00:00,2.0899999141693115,5.6284490008556975,6.74193515514607,0.0,562844.9000855697,674193.515514607
2025-08-29 17:30:00+00:00,2.1600000858306885,5.6284490008556975,6.967742158768686,0.0,562844.9000855697,696774.2158768686
2025-09-02 13:30:00+00:00,2.0999999046325684,5.6284490008556975,6.7741931886504165,0.0,562844.9000855697,677419.3188650416
2025-09-02 17:30:00+00:00,1.909999966621399,5.6284490008556975,6.161290167521725,0.0,562844.9000855697,616129.0167521725
2025-09-03 13:30:00+00:00,1.7999999523162842,5.6284490008556975,5.806451414427812,0.0,562844.9000855697,580645.1414427812
2025-09-03 17:30:00+00:00,1.7799999713897705,5.6284490008556975,5.741935347419117,0.0,562844.9000855697,574193.5347419117
2025-09-04 13:30:00+00:00,1.809999942779541,5.6284490008556975,5.8387094479321595,0.0,562844.9000855697,583870.944793216
2025-09-04 17:30:00+00:00,1.7899999618530273,5.6284490008556975,5.774193380923465,0.0,562844.9000855697,577419.3380923464
2025-09-05 13:30:00+00:00,1.6399999856948853,5.6284490008556975,5.2903224938121625,0.0,562844.9000855697,529032.2493812162
2025-09-05 17:30:00+00:00,1.6699999570846558,5.6284490008556975,5.387096594325205,0.0,562844.9000855697,538709.6594325205
2025-09-08 13:30:00+00:00,1.4700000286102295,5.6284490008556975,4.741935539692166,0.0,562844.9000855697,474193.55396921665
2025-09-08 17:30:00+00:00,1.559999942779541,5.6284490008556975,5.032257841231292,0.0,562844.9000855697,503225.7841231292
2025-09-09 13:30:00+00:00,1.590000033378601,5.6284490008556975,5.129032326290427,0.0,562844.9000855697,512903.2326290427
2025-09-09 17:30:00+00:00,1.6299999952316284,5.6284490008556975,5.258064460307817,0.0,562844.9000855697,525806.4460307817
2025-09-10 13:30:00+00:00,1.809999942779541,5.6284490008556975,5.838709447932161,0.0,562844.9000855697,583870.9447932162
2025-09-10 17:30:00+00:00,1.7100000381469727,5.6284490008556975,5.516129112888688,0.0,562844.9000855697,551612.9112888688
2025-09-11 13:30:00+00:00,1.7300000190734863,5.6284490008556975,5.580645179897383,0.0,562844.9000855697,558064.5179897383
2025-09-11 17:30:00+00:00,1.649999976158142,5.6284490008556975,5.322580527316512,0.0,562844.9000855697,532258.0527316511
2025-09-12 13:30:00+00:00,1.600000023841858,5.6284490008556975,5.161290359794775,0.0,562844.9000855697,516129.03597947746
2025-09-12 17:30:00+00:00,1.5800000429153442,5.6284490008556975,5.09677429278608,0.0,562844.9000855697,509677.42927860795
2025-09-15 13:30:00+00:00,1.590000033378601,5.6284490008556975,5.129032326290427,0.0,562844.9000855697,512903.2326290427
2025-09-15 17:30:00+00:00,1.6200000047683716,5.6284490008556975,5.225806426803469,0.0,562844.9000855697,522580.64268034697
2025-09-16 13:30:00+00:00,1.75,5.6284490008556975,5.645161246906078,0.0,562844.9000855697,564516.1246906078
2025-09-16 17:30:00+00:00,1.8300000429153442,5.6284490008556975,5.903225899486949,0.0,562844.9000855697,590322.5899486949
2025-09-17 13:30:00+00:00,1.809999942779541,5.6284490008556975,5.838709447932162,0.0,562844.9000855697,583870.9447932162
2025-09-17 17:30:00+00:00,1.7999999523162842,5.6284490008556975,5.806451414427815,0.0,562844.9000855697,580645.1414427814
2025-09-18 13:30:00+00:00,1.9700000286102295,5.6284490008556975,6.354838753093904,0.0,562844.9000855697,635483.8753093904
2025-09-18 17:30:00+00:00,2.0399999618530273,5.6284490008556975,6.580644987624336,0.0,562844.9000855697,658064.4987624335
2025-09-19 13:30:00+00:00,2.0,5.6284490008556975,6.451612853606947,0.0,562844.9000855697,645161.2853606946
2025-09-19 17:30:00+00:00,2.0250000953674316,5.6284490008556975,6.532258321913908,0.0,562844.9000855697,653225.8321913908
2025-09-22 13:30:00+00:00,2.1700000762939453,5.6284490008556975,7.0000001922730375,0.0,562844.9000855697,700000.0192273038
2025-09-22 17:30:00+00:00,2.200000047683716,5.6284490008556975,7.096774292786079,0.0,562844.9000855697,709677.4292786078
2025-09-23 13:30:00+00:00,2.4000000953674316,5.6284490008556975,7.74193573196521,0.0,562844.9000855697,774193.573196521
2025-09-23 17:30:00+00:00,2.5399999618530273,5.956774866409526,8.193548201026074,1.0,595677.4866409525,819354.8201026074
2025-09-24 13:30:00+00:00,2.7100000381469727,6.355456833718182,8.741935539692165,1.0,635545.6833718182,874193.5539692164
2025-09-24 17:30:00+00:00,2.4600000381469727,5.769160086093053,7.935483932991295,1.0,576916.0086093053,793548.3932991296
2025-09-25 13:30:00+00:00,2.390000104904175,5.6049971533161385,7.709677698460864,1.0,560499.7153316139,770967.7698460864
2025-09-25 17:30:00+00:00,2.5,5.862967476251289,8.064516067008686,1.0,586296.747625129,806451.6067008686
2025-09-26 13:30:00+00:00,2.4700000286102295,5.792611933632612,7.967741966495644,1.0,579261.1933632612,796774.1966495643
2025-09-26 17:30:00+00:00,2.4800000190734863,5.816063781172171,7.99999999999999,1.0,581606.3781172171,799999.9999999991
2025-09-29 13:30:00+00:00,2.490000009536743,5.839515628711729,8.032258033504336,1.0,583951.5628711729,803225.8033504336
2025-09-29 17:30:00+00:00,2.359999895095825,5.5346410515613105,7.612902828855636,1.0,553464.1051561311,761290.2828855636
2025-09-30 13:30:00+00:00,2.1500000953674316,5.042152253230569,6.935484125264342,1.0,504215.22532305686,693548.4125264342
2025-09-30 17:30:00+00:00,2.2899999618530273,5.370478118784397,7.387096594325204,1.0,537047.8118784397,738709.6594325204
2025-10-01 13:30:00+00:00,2.25,5.27667072862616,7.258064460307814,1.0,527667.0728626159,725806.4460307814
2025-10-01 17:30:00+00:00,2.1600000858306885,5.065604100770127,6.967742158768688,1.0,506560.41007701267,696774.2158768688
2025-10-02 13:30:00+00:00,2.200000047683716,5.159411490928364,7.096774292786078,1.0,515941.1490928364,709677.4292786078
2025-10-02 17:30:00+00:00,2.490000009536743,5.839515628711729,8.032258033504336,1.0,583951.5628711729,803225.8033504336
2025-10-03 13:30:00+00:00,2.3499999046325684,5.511189204021751,7.580644795351288,1.0,551118.9204021752,758064.4795351288
2025-10-03 17:30:00+00:00,2.25,5.27667072862616,7.258064460307815,1.0,527667.0728626159,725806.4460307815
2025-10-06 13:30:00+00:00,2.190000057220459,5.135959643388805,7.0645162592817305,1.0,513595.9643388805,706451.6259281731
2025-10-06 17:30:00+00:00,2.180000066757202,5.112507795849246,7.032258225777383,1.0,511250.7795849246,703225.8225777383
2025-10-07 13:30:00+00:00,2.319999933242798,5.440833661403074,7.483870694838246,1.0,544083.3661403074,748387.0694838247
2025-10-07 17:30:00+00:00,2.25,5.27667072862616,7.258064460307814,1.0,527667.0728626159,725806.4460307814
2025-10-08 13:30:00+00:00,2.309999942779541,5.417381813863514,7.451612661333898,1.0,541738.1813863515,745161.2661333898
2025-10-08 17:30:00+00:00,2.5,5.8629674762512884,8.064516067008682,1.0,586296.7476251288,806451.6067008682
2025-10-09 13:30:00+00:00,2.4100000858306885,5.651900848395257,7.7741937654695565,1.0,565190.0848395256,777419.3765469557
2025-10-09 17:30:00+00:00,2.4000000953674316,5.6284490008556975,7.741935731965209,1.0,562844.9000855697,774193.5731965209
2025-10-10 13:30:00+00:00,2.5199999809265137,5.909871171330407,8.129032134017377,1.0,590987.1171330407,812903.2134017377
2025-10-10 17:30:00+00:00,2.4700000286102295,5.79261193363261,7.96774196649564,1.0,579261.1933632611,796774.196649564
2025-10-14 13:30:00+00:00,2.6500000953674316,6.214745748480825,8.548387338666076,1.0,621474.5748480825,854838.7338666077
2025-10-14 17:30:00+00:00,2.930000066757202,6.871398038724631,9.451613045879986,1.0,687139.8038724631,945161.3045879987
2025-10-15 13:30:00+00:00,2.9600000381469727,6.941753581343308,9.548387146393027,1.0,694175.3581343308,954838.7146393027
2025-10-15 17:30:00+00:00,3.130000114440918,7.340435548651964,10.096774485059118,1.0,734043.5548651965,1009677.4485059119
2025-10-16 13:30:00+00:00,3.109999895095825,7.293531294436696,10.03225764895824,1.0,729353.1294436696,1003225.7648958239
2025-10-16 17:30:00+00:00,3.0,7.035560971501545,9.677419280410419,1.0,703556.0971501545,967741.928041042
2025-10-17 13:30:00+00:00,2.9100000858306885,6.8244943436455126,9.387096978871293,1.0,682449.4343645512,938709.6978871293
2025-10-17 17:30:00+00:00,3.059999942779541,7.1762720567389,9.870967481436503,1.0,717627.20567389,987096.7481436504
2025-10-20 13:30:00+00:00,3.2100000381469727,7.528050328968437,10.354838753093897,1.0,752805.0328968437,1035483.8753093898
2025-10-20 17:30:00+00:00,3.1500000953674316,7.387339243731082,10.161290552067813,1.0,738733.9243731082,1016129.0552067813
2025-10-21 13:30:00+00:00,3.0,7.035560971501545,9.677419280410419,1.0,703556.0971501545,967741.928041042
2025-10-21 17:30:00+00:00,3.140000104904175,7.363887396191523,10.129032518563466,1.0,736388.7396191523,1012903.2518563466
2025-10-22 13:30:00+00:00,3.069999933242798,7.19972390427846,9.90322551494085,1.0,719972.390427846,990322.551494085
2025-10-22 17:30:00+00:00,3.190000057220459,7.4811466338893196,10.290322686085203,1.0,748114.663388932,1029032.2686085203
2025-10-23 13:30:00+00:00,2.869999885559082,6.730686394351126,9.258064075761718,1.0,673068.6394351126,925806.4075761718
2025-10-23 17:30:00+00:00,2.869999885559082,6.730686394351126,9.258064075761718,1.0,673068.6394351126,925806.4075761718
2025-10-24 13:30:00+00:00,3.0799999237060547,7.223175751818019,9.935483548445198,1.0,722317.5751818019,993548.3548445199
2025-10-24 17:30:00+00:00,3.2300000190734863,7.574954024047556,10.419354820102592,1.0,757495.4024047556,1041935.4820102592
2025-10-27 13:30:00+00:00,3.490000009536743,8.184702619212244,11.258064460307809,1.0,818470.2619212244,1125806.446030781
2025-10-27 17:30:00+00:00,3.75,8.794451214376933,12.096774100513025,1.0,879445.1214376932,1209677.4100513025
2025-10-28 13:30:00+00:00,4.070000171661377,9.544911453915127,13.129032710836512,1.0,954491.1453915127,1312903.271083651
2025-10-28 17:30:00+00:00,3.9000000953674316,9.14622948660647,12.580645372170423,1.0,914622.948660647,1258064.5372170424
2025-10-29 13:30:00+00:00,3.799999952316284,8.911710452074729,12.258064268034765,1.0,891171.0452074729,1225806.4268034764
2025-10-29 17:30:00+00:00,3.7799999713897705,8.86480675699561,12.19354820102607,1.0,886480.6756995611,1219354.8201026071
2025-10-30 13:30:00+00:00,3.5899999141693115,8.419221094607837,11.580644795351287,1.0,841922.1094607837,1158064.4795351287
2025-10-30 17:30:00+00:00,3.6500000953674316,8.559932738981342,11.774193765469557,1.0,855993.2738981341,1177419.3765469557
2025-10-31 13:30:00+00:00,3.930000066757202,9.216585029225149,12.677419472683468,1.0,921658.5029225149,1267741.9472683468
2025-10-31 17:30:00+00:00,4.070000171661377,9.544911453915127,13.129032710836515,1.0,954491.1453915127,1312903.2710836516
2025-11-03 14:30:00+00:00,4.34499979019165,10.189836981684929,14.016128247659976,1.0,1018983.6981684929,1401612.8247659977
2025-11-03 18:30:00+00:00,3.859999895095825,9.052421537312084,12.451612469060851,1.0,905242.1537312084,1245161.2469060852
2025-11-04 14:30:00+00:00,3.890000104904175,9.122777639066912,12.54838733866608,1.0,912277.7639066912,1254838.733866608
2025-11-04 18:30:00+00:00,3.7899999618530273,8.88825860453517,12.225806234530422,1.0,888825.8604535171,1222580.6234530422
2025-11-05 14:30:00+00:00,3.9600000381469727,9.286940571843827,12.774193573196513,1.0,928694.0571843827,1277419.3573196512
2025-11-05 18:30:00+00:00,3.950000047683716,9.263488724304267,12.741935539692165,1.0,926348.8724304267,1274193.5539692165
2025-11-06 14:30:00+00:00,3.859999895095825,9.052421537312084,12.451612469060853,1.0,905242.1537312084,1245161.2469060854
2025-11-06 18:30:00+00:00,3.700000047683716,8.677191976679136,11.935483932991295,1.0,867719.1976679136,1193548.3932991296
2025-11-07 14:30:00+00:00,3.5999999046325684,8.442672942147395,11.612902828855637,1.0,844267.2942147395,1161290.2828855636
2025-11-07 18:30:00+00:00,3.819999933242798,8.958614147153847,12.322580335043464,1.0,895861.4147153847,1232258.0335043464
2025-11-10 14:30:00+00:00,3.940000057220459,9.240036876764709,12.709677506187818,1.0,924003.6876764708,1270967.750618782
2025-11-10 18:30:00+00:00,3.890000104904175,9.122777639066912,12.548387338666082,1.0,912277.7639066912,1254838.7338666082
2025-11-11 14:30:00+00:00,3.890000104904175,9.122777639066912,12.548387338666082,1.0,912277.7639066912,1254838.7338666082
2025-11-11 18:30:00+00:00,3.880000114440918,9.099325791527352,12.516129305161733,1.0,909932.5791527353,1251612.9305161734
2025-11-12 14:30:00+00:00,3.7799999713897705,8.86480675699561,12.193548201026076,1.0,886480.6756995611,1219354.8201026076
2025-11-12 18:30:00+00:00,3.880000114440918,9.099325791527352,12.516129305161735,1.0,909932.5791527353,1251612.9305161736
2025-11-13 14:30:00+00:00,3.4800000190734863,8.161250771672686,11.225806426803471,1.0,816125.0771672686,1122580.6426803472
2025-11-13 18:30:00+00:00,3.430000066757202,8.161250771672686,11.064516259281735,0.0,816125.0771672686,1106451.6259281735
2025-11-14 14:30:00+00:00,3.4700000286102295,8.161250771672686,11.193548393299125,0.0,816125.0771672686,1119354.8393299126
2025-11-14 18:30:00+00:00,3.369999885559082,8.161250771672686,10.870967289163467,0.0,816125.0771672686,1087096.7289163466
2025-11-17 14:30:00+00:00,3.2300000190734863,8.161250771672686,10.419354820102603,0.0,816125.0771672686,1041935.4820102603
2025-11-17 18:30:00+00:00,3.0199999809265137,8.161250771672686,9.741935347419123,0.0,816125.0771672686,974193.5347419123
2025-11-18 14:30:00+00:00,3.0999999046325684,7.9450589030623116,9.999999615453902,-1.0,794505.8903062311,999999.9615453902
2025-11-18 18:30:00+00:00,3.0199999809265137,8.150092491977997,9.741935347419123,-1.0,815009.2491977997,974193.5347419123
2025-11-19 14:30:00+00:00,2.8399999141693115,8.635859777374913,9.161289975248685,-1.0,863585.9777374913,916128.9975248686
2025-11-19 18:30:00+00:00,2.880000114440918,8.51422733686354,9.290322878358259,-1.0,851422.733686354,929032.2878358259
2025-11-20 14:30:00+00:00,2.869999885559082,8.543791301702877,9.258064075761727,-1.0,854379.1301702877,925806.4075761727
2025-11-20 18:30:00+00:00,2.799999952316284,8.752176264980703,9.032257841231296,-1.0,875217.6264980703,903225.7841231296
2025-11-21 14:30:00+00:00,2.799999952316284,8.752176264980703,9.032257841231296,-1.0,875217.6264980703,903225.7841231296
2025-11-21 18:30:00+00:00,2.950000047683716,8.283309373274633,9.516129112888692,-1.0,828330.9373274633,951612.9112888691
2025-11-24 14:30:00+00:00,3.0299999713897705,8.058677472534182,9.774193380923471,-1.0,805867.7472534182,977419.3380923471
2025-11-24 18:30:00+00:00,3.0799999237060547,7.925696121655091,9.935483548445207,-1.0,792569.612165509,993548.3548445207
2025-11-25 14:30:00+00:00,2.990000009536743,8.15729092306752,9.645161246906081,-1.0,815729.0923067521,964516.1246906081
2025-11-25 18:30:00+00:00,3.0,8.130009039730897,9.677419280410428,-1.0,813000.9039730898,967741.9280410428
2025-11-26 14:30:00+00:00,2.940000057220459,8.2926090654579,9.483871079384343,-1.0,829260.9065457899,948387.1079384343
2025-11-26 18:30:00+00:00,2.9000000953674316,8.40543356879957,9.354838945366954,-1.0,840543.3568799569,935483.8945366953
2025-11-27 14:30:00+00:00,2.9000000953674316,8.40543356879957,9.354838945366954,-1.0,840543.3568799569,935483.8945366953
2025-11-27 18:30:00+00:00,2.9100000858306885,8.376449343708748,9.3870969788713,-1.0,837644.9343708748,938709.69788713
2025-11-28 14:30:00+00:00,2.859999895095825,8.520375134950367,9.225806042257378,-1.0,852037.5134950366,922580.6042257379
2025-11-28 18:30:00+00:00,2.8499999046325684,8.550166629082579,9.193548008753032,-1.0,855016.6629082579,919354.8008753032
2025-12-01 14:30:00+00:00,2.8299999237060547,8.610167743195673,9.129031941744337,-1.0,861016.7743195673,912903.1941744337
2025-12-01 18:30:00+00:00,2.809999942779541,8.671016928807129,9.064515874735642,-1.0,867101.6928807129,906451.5874735642
2025-12-02 14:30:00+00:00,2.859999895095825,8.51672851535428,9.225806042257378,-1.0,851672.8515354281,922580.6042257379
2025-12-02 18:30:00+00:00,2.819999933242798,8.635843490257223,9.096773908239989,-1.0,863584.3490257222,909677.3908239988
2025-12-03 14:30:00+00:00,2.950000047683716,8.23773687018496,9.516129112888688,-1.0,823773.6870184961,951612.9112888688
2025-12-03 18:30:00+00:00,2.8499999046325684,8.51698258276826,9.19354800875303,-1.0,851698.2582768261,919354.800875303
2025-12-04 14:30:00+00:00,2.9000000953674316,8.36756126070726,9.354838945366952,-1.0,836756.1260707261,935483.8945366952
2025-12-04 18:30:00+00:00,3.0,8.079024950169007,9.677419280410426,-1.0,807902.4950169007,967741.9280410426
2025-12-05 14:30:00+00:00,2.9200000762939453,8.294465410046618,9.419355012375647,-1.0,829446.5410046618,941935.5012375647
2025-12-05 18:30:00+00:00,2.940000057220459,8.23765405879244,9.483871079384341,-1.0,823765.405879244,948387.1079384341
2025-12-08 14:30:00+00:00,2.9100000858306885,8.321711671470258,9.3870969788713,-1.0,832171.1671470258,938709.69788713
2025-12-08 18:30:00+00:00,2.890000104904175,8.37890550988825,9.322580911862605,-1.0,837890.550988825,932258.0911862606
2025-12-09 14:30:00+00:00,2.9600000381469727,8.175956442397009,9.548387146393036,-1.0,817595.6442397009,954838.7146393036
2025-12-09 18:30:00+00:00,2.9000000953674316,8.175956442397009,9.354838945366952,0.0,817595.6442397009,935483.8945366952
2025-12-10 14:30:00+00:00,2.6600000858306885,8.175956442397009,8.58064537217043,0.0,817595.6442397009,858064.537217043
2025-12-10 18:30:00+00:00,2.700000047683716,8.053009850195766,8.70967750618782,-1.0,805300.9850195766,870967.750618782
2025-12-11 14:30:00+00:00,2.5399999618530273,8.530225496296243,8.193548201026077,-1.0,853022.5496296244,819354.8201026077
2025-12-11 18:30:00+00:00,2.5999999046325684,8.32872429576041,8.38709640205216,-1.0,832872.429576041,838709.640205216
2025-12-12 14:30:00+00:00,2.6600000858306885,8.136522378366328,8.580645372170428,-1.0,813652.2378366328,858064.5372170429
2025-12-12 18:30:00+00:00,2.640000104904175,8.197699178037242,8.516129305161733,-1.0,819769.9178037242,851612.9305161734
2025-12-15 14:30:00+00:00,2.4600000381469727,8.756633397987102,7.935483932991297,-1.0,875663.3397987102,793548.3932991297
2025-12-15 18:30:00+00:00,2.490000009536743,8.649845289313655,8.03225803350434,-1.0,864984.5289313655,803225.8033504339
2025-12-16 14:30:00+00:00,2.25,9.483565347135203,7.258064460307818,-1.0,948356.5347135203,725806.4460307817
2025-12-16 18:30:00+00:00,2.2300000190734863,9.567863625383223,7.193548393299123,-1.0,956786.3625383223,719354.8393299123
2025-12-17 14:30:00+00:00,2.4200000762939453,8.752664243880233,7.8064517989739075,-1.0,875266.4243880232,780645.1798973908
2025-12-17 18:30:00+00:00,2.3399999141693115,9.042009093656118,7.548386761846944,-1.0,904200.9093656117,754838.6761846944
2025-12-18 14:30:00+00:00,2.5199999809265137,8.346469649136477,8.12903213401738,-1.0,834646.9649136477,812903.2134017381
2025-12-18 18:30:00+00:00,2.549999952316284,8.247107009225813,8.225806234530424,-1.0,824710.7009225813,822580.6234530424
2025-12-19 14:30:00+00:00,2.609999895095825,8.053057613969617,8.419354435556508,-1.0,805305.7613969618,841935.4435556509
2025-12-19 18:30:00+00:00,2.5999999046325684,8.083912212657943,8.38709640205216,-1.0,808391.2212657942,838709.640205216
2025-12-22 14:30:00+00:00,2.680000066757202,7.83517593906745,8.645161439179123,-1.0,783517.593906745,864516.1439179123
2025-12-22 18:30:00+00:00,2.700000047683716,7.776704534054822,8.709677506187818,-1.0,777670.4534054822,870967.7506187818
2025-12-23 14:30:00+00:00,2.9200000762939453,7.143047056362148,9.419355012375645,-1.0,714304.7056362148,941935.5012375645
2025-12-23 18:30:00+00:00,2.950000047683716,7.143047056362148,9.516129112888686,0.0,714304.7056362148,951612.9112888686
2025-12-24 14:30:00+00:00,2.9100000858306885,7.143047056362148,9.387096978871297,0.0,714304.7056362148,938709.6978871296
2025-12-29 14:30:00+00:00,2.680000066757202,7.143047056362148,8.645161439179123,0.0,714304.7056362148,864516.1439179123
2025-12-29 18:30:00+00:00,2.7100000381469727,7.143047056362148,8.741935539692166,0.0,714304.7056362148,874193.5539692166
2025-12-30 14:30:00+00:00,2.5799999237060547,7.143047056362148,8.322580335043465,0.0,714304.7056362148,832258.0335043465
2025-12-30 18:30:00+00:00,2.549999952316284,7.143047056362148,8.225806234530422,0.0,714304.7056362148,822580.6234530422
2025-12-31 14:30:00+00:00,2.5799999237060547,7.143047056362148,8.322580335043464,0.0,714304.7056362148,832258.0335043464
2025-12-31 18:30:00+00:00,2.609999895095825,7.143047056362148,8.419354435556505,0.0,714304.7056362148,841935.4435556505
2026-01-02 14:30:00+00:00,2.7300000190734863,7.143047056362148,8.806451606700858,0.0,714304.7056362148,880645.1606700858
2026-01-02 18:30:00+00:00,2.7300000190734863,7.143047056362148,8.806451606700858,0.0,714304.7056362148,880645.1606700858
2026-01-05 14:30:00+00:00,2.7699999809265137,7.143047056362148,8.935483740718247,0.0,714304.7056362148,893548.3740718247
2026-01-05 18:30:00+00:00,2.7699999809265137,7.143047056362148,8.935483740718247,0.0,714304.7056362148,893548.3740718247
2026-01-06 14:30:00+00:00,2.990000009536743,7.143047056362148,9.645161246906074,0.0,714304.7056362148,964516.1246906074
2026-01-06 18:30:00+00:00,3.0299999713897705,7.143047056362148,9.774193380923462,0.0,714304.7056362148,977419.3380923462
2026-01-07 14:30:00+00:00,3.0299999713897705,7.143047056362148,9.774193380923462,0.0,714304.7056362148,977419.3380923462
2026-01-07 18:30:00+00:00,3.0199999809265137,7.143047056362148,9.741935347419114,0.0,714304.7056362148,974193.5347419113
2026-01-08 14:30:00+00:00,3.259999990463257,7.143047056362148,10.516128920615634,0.0,714304.7056362148,1051612.8920615634
2026-01-08 18:30:00+00:00,3.5999999046325684,7.888027238317721,11.612902828855628,1.0,788802.7238317721,1161290.2828855629
2026-01-09 14:30:00+00:00,3.819999933242798,8.370073422784298,12.322580335043455,1.0,837007.3422784298,1232258.0335043455
2026-01-09 18:30:00+00:00,3.680000066757202,8.06331709238047,11.870967865982593,1.0,806331.7092380469,1187096.7865982594
2026-01-12 14:30:00+00:00,3.690000057220459,8.085228258837885,11.903225899486939,1.0,808522.8258837885,1190322.589948694
2026-01-12 18:30:00+00:00,3.6700000762939453,8.041405925923053,11.838709832478244,1.0,804140.5925923053,1183870.9832478245
2026-01-13 14:30:00+00:00,3.4200000762939453,7.493626242084227,11.032258225777376,1.0,749362.6242084227,1103225.8225777375
2026-01-13 18:30:00+00:00,3.369999885559082,7.384069887393729,10.870967289163454,1.0,738406.9887393729,1087096.7289163454
2026-01-14 14:30:00+00:00,3.5299999713897705,7.734649073115808,11.387096594325197,1.0,773464.9073115807,1138709.6594325197
2026-01-14 18:30:00+00:00,3.5199999809265137,7.712737906658392,11.35483856082085,1.0,771273.7906658392,1135483.856082085
2026-01-15 14:30:00+00:00,3.5399999618530273,7.756560239573226,11.419354627829547,1.0,775656.0239573226,1141935.4627829546
2026-01-15 18:30:00+00:00,3.509999990463257,7.6908267402009765,11.322580527316505,1.0,769082.6740200976,1132258.0527316506
2026-01-16 14:30:00+00:00,3.5899999141693115,7.866116071860309,11.580644795351285,1.0,786611.6071860308,1158064.4795351285
2026-01-16 18:30:00+00:00,3.7899999618530273,8.304339923412053,12.225806234530419,1.0,830433.9923412054,1222580.6234530418
2026-01-19 14:30:00+00:00,3.559999942779541,7.80038257248806,11.483870694838245,1.0,780038.2572488061,1148387.0694838245
2026-01-19 18:30:00+00:00,3.5299999713897705,7.734649073115811,11.387096594325204,1.0,773464.9073115811,1138709.6594325204
2026-01-20 14:30:00+00:00,3.549999952316284,7.7784714060306435,11.451612661333897,1.0,777847.1406030643,1145161.2661333897
2026-01-20 18:30:00+00:00,3.5199999809265137,7.712737906658394,11.354838560820856,1.0,771273.7906658394,1135483.8560820855
2026-01-21 14:30:00+00:00,3.4800000190734863,7.625093240828729,11.225806426803466,1.0,762509.324082873,1122580.6426803465
2026-01-21 18:30:00+00:00,3.6500000953674316,7.997583593008224,11.774193765469557,1.0,799758.3593008225,1177419.3765469557
2026-01-22 14:30:00+00:00,3.7799999713897705,8.282428756954637,12.193548201026072,1.0,828242.8756954637,1219354.8201026071
2026-01-22 18:30:00+00:00,3.819999933242798,8.370073422784303,12.322580335043462,1.0,837007.3422784304,1232258.0335043462
2026-01-23 14:30:00+00:00,3.75,8.216695257582389,12.09677410051303,1.0,821669.5257582389,1209677.410051303
2026-01-23 18:30:00+00:00,3.75,8.216695257582389,12.09677410051303,1.0,821669.5257582389,1209677.410051303
2026-01-26 14:30:00+00:00,3.609999895095825,7.9099384047751435,11.645160862359983,1.0,790993.8404775143,1164516.0862359984
2026-01-26 18:30:00+00:00,3.5299999713897705,7.734649073115812,11.387096594325204,1.0,773464.9073115812,1138709.6594325204
2026-01-27 14:30:00+00:00,3.609999895095825,7.909938404775143,11.645160862359981,1.0,790993.8404775143,1164516.0862359982
2026-01-27 18:30:00+00:00,3.6500000953674316,7.9975835930082235,11.774193765469555,1.0,799758.3593008224,1177419.3765469554
2026-01-28 14:30:00+00:00,3.619999885559082,7.931849571232559,11.677418895864328,1.0,793184.9571232558,1167741.8895864328
2026-01-28 18:30:00+00:00,3.5999999046325684,7.888027238317726,11.612902828855633,1.0,788802.7238317726,1161290.2828855633
2026-01-29 14:30:00+00:00,3.5799999237060547,7.8442049054028935,11.548386761846938,1.0,784420.4905402893,1154838.6761846938
2026-01-29 18:30:00+00:00,3.4000000953674316,7.449803909169398,10.967742158768687,1.0,744980.3909169398,1096774.2158768687
2026-01-30 14:30:00+00:00,3.450000047683716,7.449803909169398,11.129032326290423,0.0,744980.3909169398,1112903.2326290424
2026-02-02 18:30:00+00:00,3.1700000762939453,7.449803909169398,10.225806619076511,0.0,744980.3909169398,1022580.6619076511
2026-02-03 14:30:00+00:00,3.2799999713897705,7.191293616181911,10.580644987624334,-1.0,719129.3616181911,1058064.4987624334
2026-02-03 18:30:00+00:00,3.2100000381469727,7.344766200771233,10.354838753093903,-1.0,734476.6200771233,1035483.8753093902
2026-02-04 14:30:00+00:00,3.0799999237060547,7.642218049772842,9.935483548445202,-1.0,764221.8049772842,993548.3548445202
2026-02-04 18:30:00+00:00,3.0999999046325684,7.5925933033384965,9.999999615453897,-1.0,759259.3303338496,999999.9615453896
2026-02-05 14:30:00+00:00,3.0999999046325684,7.5925933033384965,9.999999615453897,-1.0,759259.3303338496,999999.9615453896
2026-02-05 18:30:00+00:00,2.9000000953674316,8.082437580503221,9.354838945366948,-1.0,808243.7580503221,935483.8945366949
2026-02-06 14:30:00+00:00,3.180000066757202,7.302064402269318,10.258064652580858,-1.0,730206.4402269318,1025806.4652580858
2026-02-06 18:30:00+00:00,3.2300000190734863,7.18725218080411,10.419354820102596,-1.0,718725.2180804111,1041935.4820102595
2026-02-09 14:30:00+00:00,3.3299999237060547,6.964736846932133,10.74193515514607,-1.0,696473.6846932133,1074193.515514607
2026-02-09 18:30:00+00:00,3.3299999237060547,6.964736846932133,10.74193515514607,-1.0,696473.6846932133,1074193.515514607
2026-02-10 14:30:00+00:00,3.3499999046325684,6.922906634533267,10.806451222154765,-1.0,692290.6634533267,1080645.1222154766
2026-02-10 18:30:00+00:00,3.299999952316284,7.02623350362902,10.645161054633029,-1.0,702623.3503629019,1064516.105463303
2026-02-11 14:30:00+00:00,3.2899999618530273,7.0475251003090715,10.612903021128682,-1.0,704752.5100309071,1061290.3021128683
2026-02-11 18:30:00+00:00,3.450000047683716,6.7047881294830045,11.129032326290424,-1.0,670478.8129483005,1112903.2326290424
2026-02-12 14:30:00+00:00,3.3299999237060547,6.7047881294830045,10.741935155146072,0.0,670478.8129483005,1074193.515514607
2026-02-12 18:30:00+00:00,3.319999933242798,6.7047881294830045,10.709677121641723,0.0,670478.8129483005,1070967.7121641724
2026-02-13 14:30:00+00:00,3.3499999046325684,6.7047881294830045,10.806451222154765,0.0,670478.8129483005,1080645.1222154766
2026-02-13 18:30:00+00:00,3.4200000762939453,6.7047881294830045,11.032258225777381,0.0,670478.8129483005,1103225.8225777382
2026-02-17 14:30:00+00:00,3.6050000190734863,6.7047881294830045,11.6290322301539,0.0,670478.8129483005,1162903.22301539
2026-02-17 18:30:00+00:00,3.640000104904175,6.7047881294830045,11.741935731965208,0.0,670478.8129483005,1174193.5731965208
2026-02-18 14:30:00+00:00,3.8299999237060547,6.7047881294830045,12.354838368547806,0.0,670478.8129483005,1235483.8368547806
2026-02-18 18:30:00+00:00,3.990000009536743,6.7047881294830045,12.870967673709549,0.0,670478.8129483005,1287096.7673709549
2026-02-19 14:30:00+00:00,4.150000095367432,6.973651957460392,13.387096978871291,1.0,697365.1957460392,1338709.6978871292
2026-02-19 18:30:00+00:00,4.389999866485596,7.37694709846931,14.16128978297563,1.0,737694.709846931,1416128.978297563
2026-02-20 14:30:00+00:00,4.650000095367432,7.813850969171855,15.000000192273028,1.0,781385.0969171855,1500000.0192273029
2026-02-20 18:30:00+00:00,4.46999979019165,7.511378812138949,14.419354051010405,1.0,751137.8812138948,1441935.4051010406
2026-02-23 14:30:00+00:00,5.019999980926514,8.435598045532046,16.19354820102606,1.0,843559.8045532047,1619354.8201026062
2026-02-23 18:30:00+00:00,4.960000038146973,8.334774260279817,15.999999999999977,1.0,833477.4260279817,1599999.9999999977
2026-02-24 14:30:00+00:00,5.829999923706055,9.79672034835147,18.80645122215475,1.0,979672.0348351471,1880645.122215475
2026-02-24 18:30:00+00:00,5.630000114440918,9.460641064177373,18.1612905520678,1.0,946064.1064177373,1816129.05520678
2026-02-25 14:30:00+00:00,5.380000114440918,9.040541558321642,17.354838945366932,1.0,904054.1558321642,1735483.894536693
2026-02-25 18:30:00+00:00,5.269999980926514,8.85569755138778,16.999999807726926,1.0,885569.7551387779,1699999.9807726927
2026-02-26 14:30:00+00:00,5.769999980926514,9.695896563099241,18.612903021128663,1.0,969589.6563099241,1861290.3021128662
2026-02-26 18:30:00+00:00,6.400000095367432,10.754547510161979,20.6451614391791,1.0,1075454.751016198,2064516.1439179098
2026-02-27 14:30:00+00:00,6.800000190734863,11.426706879786394,21.935484317537362,1.0,1142670.6879786395,2193548.4317537365
2026-02-27 18:30:00+00:00,6.550000190734863,11.006607373930663,21.129032710836494,1.0,1100660.7373930663,2112903.2710836492
2026-03-02 14:30:00+00:00,7.449999809265137,12.518964953990324,24.032257264412124,1.0,1251896.4953990323,2403225.7264412125
2026-03-02 18:30:00+00:00,8.050000190734863,13.527204409065055,25.967742351041704,1.0,1352720.4409065056,2596774.23510417
2026-03-03 14:30:00+00:00,7.320000171661377,12.300513819915269,23.612903597947792,1.0,1230051.3819915268,2361290.359794779
2026-03-03 18:30:00+00:00,8.300000190734863,13.947303914920788,26.774193957742572,1.0,1394730.3914920788,2677419.3957742574
2026-03-04 14:30:00+00:00,8.6899995803833,14.602658118422172,28.032256495319935,1.0,1460265.811842217,2803225.6495319935
2026-03-04 18:30:00+00:00,7.920000076293945,13.308752473713783,25.548387146393004,1.0,1330875.2473713784,2554838.7146393005
2026-03-05 14:30:00+00:00,7.670000076293945,12.888652967858052,24.741935539692136,1.0,1288865.2967858051,2474193.5539692137
2026-03-05 18:30:00+00:00,7.449999809265137,12.518964953990325,24.032257264412124,1.0,1251896.4953990325,2403225.7264412125
2026-03-06 14:30:00+00:00,8.600000381469727,14.451423642458154,27.74193650105736,1.0,1445142.3642458154,2774193.650105736
2026-03-06 18:30:00+00:00,8.449999809265137,14.199362977413253,27.258063691215597,1.0,1419936.2977413253,2725806.36912156
2026-03-09 13:30:00+00:00,9.0,15.12358221080635,29.032257841231253,1.0,1512358.221080635,2903225.7841231255
2026-03-09 17:30:00+00:00,9.5,15.963781222517813,30.64516105463299,1.0,1596378.1222517814,3064516.105463299
2026-03-10 13:30:00+00:00,10.800000190734863,18.148298973478106,34.83871002475125,1.0,1814829.8973478107,3483871.0024751252
2026-03-10 17:30:00+00:00,11.199999809265137,18.820457541826304,36.12903136492515,1.0,1882045.7541826305,3612903.1364925145
2026-03-11 13:30:00+00:00,9.770000457763672,16.417489458067173,31.516130266526925,1.0,1641748.9458067173,3151613.0266526924
2026-03-11 17:30:00+00:00,9.970000267028809,16.75356874224127,32.161290936613874,1.0,1675356.874224127,3216129.0936613875
2026-03-12 13:30:00+00:00,8.350000381469727,14.031324136602422,26.935484894356495,1.0,1403132.4136602422,2693548.4894356495
2026-03-12 17:30:00+00:00,8.119999885559082,13.644831757887882,26.193547816479953,1.0,1364483.1757887881,2619354.781647995
2026-03-13 13:30:00+00:00,7.090000152587891,11.91402224247695,22.870968058255624,1.0,1191402.224247695,2287096.805825562
2026-03-13 17:30:00+00:00,8.449999809265137,14.199362977413253,27.2580636912156,1.0,1419936.2977413253,2725806.36912156
